{"cameraMode":{"drawMode":0,"name":"Shaded","section":"Shading Mode"},"sceneLighting":false,"audioPlay":false,"sceneViewState":{"showFog":true,"showMaterialUpdate":true,"showSkybox":true,"showFlares":true,"showImageEffects":true,"showParticleSystems":true},"in2DMode":false,"pivot":{"x":27.193359375,"y":3.25830078125,"z":17.43701171875},"rotation":{"x":0.04107416421175003,"y":0.5915202498435974,"z":-0.03019372746348381,"w":0.8046773672103882},"size":9.837705612182618,"orthographic":true}