{"cameraMode":{"drawMode":0,"name":"Shaded","section":"Shading Mode"},"sceneLighting":true,"audioPlay":false,"sceneViewState":{"showFog":true,"showMaterialUpdate":true,"showSkybox":true,"showFlares":true,"showImageEffects":true,"showParticleSystems":true},"in2DMode":false,"pivot":{"x":-11.499814987182618,"y":52.6574592590332,"z":-55.69676971435547},"rotation":{"x":-0.0007993321632966399,"y":0.9980640411376953,"z":0.013476462103426457,"w":0.061150822788476947},"size":52.656410217285159,"orthographic":false}