{"cameraMode":{"drawMode":0,"name":"Shaded","section":"Shading Mode"},"sceneLighting":false,"audioPlay":false,"sceneViewState":{"showFog":true,"showMaterialUpdate":true,"showSkybox":true,"showFlares":true,"showImageEffects":true,"showParticleSystems":true},"in2DMode":false,"pivot":{"x":80.685791015625,"y":0.5657958984375,"z":65.51416015625},"rotation":{"x":-0.0005156408296898007,"y":-0.9694538712501526,"z":-0.002037683967500925,"w":0.24526768922805787},"size":3.728325366973877,"orthographic":true}