{"cameraMode":{"drawMode":0,"name":"Shaded","section":"Shading Mode"},"sceneLighting":false,"audioPlay":false,"sceneViewState":{"showFog":true,"showMaterialUpdate":true,"showSkybox":true,"showFlares":true,"showImageEffects":true,"showParticleSystems":true},"in2DMode":false,"pivot":{"x":15.077880859375,"y":1.522216796875,"z":5.27880859375},"rotation":{"x":0.1118820533156395,"y":-0.8458230495452881,"z":0.19572331011295319,"w":0.48349568247795107},"size":7.1436381340026859,"orthographic":true}