{"cameraMode":{"drawMode":0,"name":"Shaded","section":"Shading Mode"},"sceneLighting":false,"audioPlay":false,"sceneViewState":{"showFog":true,"showMaterialUpdate":true,"showSkybox":true,"showFlares":true,"showImageEffects":true,"showParticleSystems":true},"in2DMode":false,"pivot":{"x":-0.99951171875,"y":4.922607421875,"z":11.048828125},"rotation":{"x":0.016383424401283265,"y":0.9721664786338806,"z":-0.07158321887254715,"w":0.2225046306848526},"size":8.128805160522461,"orthographic":true}